{"cameraMode":{"drawMode":0,"name":"Shaded","section":"Shading Mode"},"sceneLighting":true,"audioPlay":false,"sceneViewState":{"m_AlwaysRefresh":false,"showFog":true,"showSkybox":true,"showFlares":true,"showImageEffects":true,"showParticleSystems":true,"showVisualEffectGraphs":true,"m_FxEnabled":true},"in2DMode":false,"pivot":{"x":397.5771789550781,"y":273.9698791503906,"z":-1.8934173583984376},"rotation":{"x":0.010808409191668034,"y":0.014994238503277302,"z":-0.00016100180801004171,"w":0.9998214244842529},"size":188.27732849121095,"orthographic":false}