{"cameraMode":{"drawMode":0,"name":"Shaded","section":"Shading Mode"},"sceneLighting":true,"audioPlay":false,"sceneViewState":{"m_AlwaysRefresh":false,"showFog":true,"showSkybox":true,"showFlares":true,"showImageEffects":true,"showParticleSystems":true,"showVisualEffectGraphs":true,"m_FxEnabled":true},"in2DMode":false,"pivot":{"x":539.7479248046875,"y":257.35784912109377,"z":-2.10406494140625},"rotation":{"x":-0.00869021750986576,"y":0.0014955832157284022,"z":0.000013017810488236137,"w":0.9999618530273438},"size":243.65396118164063,"orthographic":false}