{"cameraMode":{"drawMode":0,"name":"Shaded","section":"Shading Mode"},"sceneLighting":true,"audioPlay":false,"sceneViewState":{"m_AlwaysRefresh":false,"showFog":true,"showSkybox":true,"showFlares":true,"showImageEffects":true,"showParticleSystems":true,"showVisualEffectGraphs":true,"m_FxEnabled":true},"in2DMode":false,"pivot":{"x":0.4821740388870239,"y":-0.12097003310918808,"z":12.240402221679688},"rotation":{"x":0.016808684915304185,"y":-0.0015041496371850372,"z":0.000025319681299151853,"w":0.9998549818992615},"size":11.764265060424805,"orthographic":false}